Title;Author;Published date;Topic
Yes I‚Äôm the dummy that spent $103 on the Flood Drop Pod bid AMA üò≠;r/megaconstrux;-7 j;Yes I‚Äôm the dummy that spent $103 on the Flood Drop Pod bid AMA üò≠
MEGA UPSWING : ALA STOCK ANALYSIS | ALTAGAS STOCK;u/Foreign-Economist704;-1 m.;MEGA UPSWING : ALA STOCK ANALYSIS | ALTAGAS STOCK
Odlum Brown advisor;r/PersonalFinanceCanada;-1 m.;
Meghan Chayka;r/TSNBabes;-2 m.;Meghan Chayka
New Shipping Concerns;r/Vitards;-3 m.;
SUPER TREND : $ALA STOCK ANALYSIS | ALTAGAS STOCK;u/Foreign-Economist704;-5 m.;SUPER TREND : $ALA STOCK ANALYSIS | ALTAGAS STOCK
whatcha think?;r/FridgeDetective;-5 m.;whatcha think?
BSB news For Week #44, August 28, 2023;r/Baystreetbets;-7 m.;
$ETRN Equitrans has amazing value right now;r/wallstreetbets;-9 m.;
üì¢ AltaGas is hiring a SEMCO - Sr. Tax Accountant!;r/jobboardsearch;-1 a;üì¢ AltaGas is hiring a SEMCO - Sr. Tax Accountant!
Recent dip on AltaGas Ltd. (ALA.TO);r/CanadianInvestor;-1 a;Recent dip on AltaGas Ltd. (ALA.TO)
Mercado de electr√≥nica Yamagata ‚ñΩ [BCGAME5.COM] ‚òÜ Centro comercial electr√≥nico de golf de YouTube Ubicaci√≥n Bochia;u/Loud-Ad-3756;-1 a;Mercado de electr√≥nica Yamagata ‚ñΩ [BCGAME5.COM] ‚òÜ Centro comercial electr√≥nico de golf de YouTube Ubicaci√≥n Bochia
RBC: Buy these 29 stocks to invest wisely in growth and pick up long-term winners as recession risks rise;r/buzzfeedbot;-2 a;
AltaGas (TSE:ALA) Given New C$33.00 Price Target at TD Securities;r/News_OilAndEnergy;-2 a;AltaGas (TSE:ALA) Given New C$33.00 Price Target at TD Securities
AltaGas Ltd. (TSE:ALA) Receives Average Rating of ‚ÄúBuy‚Äù from Brokerages;r/News_OilAndEnergy;-2 a;AltaGas Ltd. (TSE:ALA) Receives Average Rating of ‚ÄúBuy‚Äù from Brokerages
Mining Company Stocks at 52-Week Highs;r/StocksAndTrading;-2 a;
My Keybase proof [reddit:altaga- = keybase:altaga] (7HV5_NDBDFKeYxUQBFYMOxosaRUMNovgCG4P_9fAurU);r/KeybaseProofs;-2 a;My Keybase proof [reddit:altaga- = keybase:altaga] (7HV5_NDBDFKeYxUQBFYMOxosaRUMNovgCG4P_9fAurU)
AltaGas Announces Strong Third Quarter Results;r/CanadianInvestor;-2 a;AltaGas Announces Strong Third Quarter Results
BRIEF-Altagas Announces Strong First Quarter Results And Increases 2021 Guidance;r/News_OilAndEnergy;-3 a;BRIEF-Altagas Announces Strong First Quarter Results And Increases 2021 Guidance
2 Rising Canadian Price Targets: AltaGas & Aecon;r/stockchase;-3 a;2 Rising Canadian Price Targets: AltaGas & Aecon
AltaGas Ltd. Closes Aggregate $550 Million Medium Term Note Offerings;r/TradingGrounds;-3 a;AltaGas Ltd. Closes Aggregate $550 Million Medium Term Note Offerings
AltaGas Ltd. Announces Aggregate $550 Million Medium Term Note Offering;r/TradingGrounds;-3 a;AltaGas Ltd. Announces Aggregate $550 Million Medium Term Note Offering
Stocks for my wife to buy;r/CanadianInvestor;-3 a;
Yes I‚Äôm the dummy that spent $103 on the Flood Drop Pod bid AMA üò≠;r/megaconstrux;-7 j;Yes I‚Äôm the dummy that spent $103 on the Flood Drop Pod bid AMA üò≠
MEGA UPSWING : ALA STOCK ANALYSIS | ALTAGAS STOCK;u/Foreign-Economist704;-1 m.;MEGA UPSWING : ALA STOCK ANALYSIS | ALTAGAS STOCK
Odlum Brown advisor;r/PersonalFinanceCanada;-1 m.;
Meghan Chayka;r/TSNBabes;-2 m.;Meghan Chayka
New Shipping Concerns;r/Vitards;-3 m.;
SUPER TREND : $ALA STOCK ANALYSIS | ALTAGAS STOCK;u/Foreign-Economist704;-5 m.;SUPER TREND : $ALA STOCK ANALYSIS | ALTAGAS STOCK
whatcha think?;r/FridgeDetective;-5 m.;whatcha think?
BSB news For Week #44, August 28, 2023;r/Baystreetbets;-7 m.;
$ETRN Equitrans has amazing value right now;r/wallstreetbets;-9 m.;
üì¢ AltaGas is hiring a SEMCO - Sr. Tax Accountant!;r/jobboardsearch;-1 a;üì¢ AltaGas is hiring a SEMCO - Sr. Tax Accountant!
Recent dip on AltaGas Ltd. (ALA.TO);r/CanadianInvestor;-1 a;Recent dip on AltaGas Ltd. (ALA.TO)
Mercado de electr√≥nica Yamagata ‚ñΩ [BCGAME5.COM] ‚òÜ Centro comercial electr√≥nico de golf de YouTube Ubicaci√≥n Bochia;u/Loud-Ad-3756;-1 a;Mercado de electr√≥nica Yamagata ‚ñΩ [BCGAME5.COM] ‚òÜ Centro comercial electr√≥nico de golf de YouTube Ubicaci√≥n Bochia
RBC: Buy these 29 stocks to invest wisely in growth and pick up long-term winners as recession risks rise;r/buzzfeedbot;-2 a;
AltaGas (TSE:ALA) Given New C$33.00 Price Target at TD Securities;r/News_OilAndEnergy;-2 a;AltaGas (TSE:ALA) Given New C$33.00 Price Target at TD Securities
AltaGas Ltd. (TSE:ALA) Receives Average Rating of ‚ÄúBuy‚Äù from Brokerages;r/News_OilAndEnergy;-2 a;AltaGas Ltd. (TSE:ALA) Receives Average Rating of ‚ÄúBuy‚Äù from Brokerages
Mining Company Stocks at 52-Week Highs;r/StocksAndTrading;-2 a;
My Keybase proof [reddit:altaga- = keybase:altaga] (7HV5_NDBDFKeYxUQBFYMOxosaRUMNovgCG4P_9fAurU);r/KeybaseProofs;-2 a;My Keybase proof [reddit:altaga- = keybase:altaga] (7HV5_NDBDFKeYxUQBFYMOxosaRUMNovgCG4P_9fAurU)
AltaGas Announces Strong Third Quarter Results;r/CanadianInvestor;-2 a;AltaGas Announces Strong Third Quarter Results
BRIEF-Altagas Announces Strong First Quarter Results And Increases 2021 Guidance;r/News_OilAndEnergy;-3 a;BRIEF-Altagas Announces Strong First Quarter Results And Increases 2021 Guidance
2 Rising Canadian Price Targets: AltaGas & Aecon;r/stockchase;-3 a;2 Rising Canadian Price Targets: AltaGas & Aecon
AltaGas Ltd. Closes Aggregate $550 Million Medium Term Note Offerings;r/TradingGrounds;-3 a;AltaGas Ltd. Closes Aggregate $550 Million Medium Term Note Offerings
AltaGas Ltd. Announces Aggregate $550 Million Medium Term Note Offering;r/TradingGrounds;-3 a;AltaGas Ltd. Announces Aggregate $550 Million Medium Term Note Offering
Stocks for my wife to buy;r/CanadianInvestor;-3 a;
AltaGas Ltd. Closes Aggregate $700 Million Medium Term Note Offerings;r/TradingGrounds;-3 a;AltaGas Ltd. Closes Aggregate $700 Million Medium Term Note Offerings
AltaGas Ltd. Announces Aggregate $700 Million Medium Term Note Offerings;r/TradingGrounds;-3 a;AltaGas Ltd. Announces Aggregate $700 Million Medium Term Note Offerings
AltaGas agrees to pay $715 million to double stake in midstream firm Petrogas;r/economy;-3 a;AltaGas agrees to pay $715 million to double stake in midstream firm Petrogas
Sprott Portfolio review;r/pmstocks;-4 a;
Opinions on Ys: Seven? Worth Playing?;r/JRPG;-4 a;Opinions on Ys: Seven? Worth Playing?
ALA.TO Dividend cut?;r/CanadianInvestor;-4 a;
AltaGas Ltd. (ATGFF) CEO Randy Crawford on Q1 2020 Results - Earnings Call Transcript;r/StonkFeed;-4 a;AltaGas Ltd. (ATGFF) CEO Randy Crawford on Q1 2020 Results - Earnings Call Transcript
AltaGas Ltd. 2020 Q1 - Results - Earnings Call Presentation;r/StonkFeed;-4 a;AltaGas Ltd. 2020 Q1 - Results - Earnings Call Presentation
Here's a play that many of you have likely never heard of;r/wallstreetbets;-4 a;
TSX:ALA - 40% potential for 2020?;r/CanadianInvestor;-4 a;
TSX:ALA - 40% potential for 2020 ?;r/stocks;-4 a;
Altagas right now? (ALA.TO);r/CanadianInvestor;-4 a;Altagas right now? (ALA.TO)
AltaGas Canada Inc. [HQ in Calgary] to Be Acquired by PSP Investments and ATRF in a $1.7 Billion Transaction;r/Calgary;-4 a;AltaGas Canada Inc. [HQ in Calgary] to Be Acquired by PSP Investments and ATRF in a $1.7 Billion Transaction
Calgary-based AltaGas (TSX:ALA) selling U.S. solar, fuel cell power plants for $940M;r/solarstocks;-5 a;Calgary-based AltaGas (TSX:ALA) selling U.S. solar, fuel cell power plants for $940M
Let's create the most toxic portfolio (and see if it can beat the TSX index);r/CanadianInvestor;-5 a;
Building my First Canadian Portfolio. Welcoming criticisms :) Thank you;r/PersonalFinanceCanada;-5 a;
@CBCNews: AltaGas Ltd. says the B.C. facility will put Canada on the map as a significant new player in the energy market. https://t.co/DvfcUTkUbs;r/newsbotbot;-5 a;@CBCNews: AltaGas Ltd. says the B.C. facility will put Canada on the map as a significant new player in the energy market. https://t.co/DvfcUTkUbs
AltaGas to open B.C. terminal for exporting propane to Asia;r/britishcolumbia;-5 a;AltaGas to open B.C. terminal for exporting propane to Asia
AltaGas to open B.C. terminal for exporting propane to Asia;r/CanadaPolitics;-5 a;AltaGas to open B.C. terminal for exporting propane to Asia
AltaGas to open BC terminal for exporting propane to Asia;r/EcoInternet;-5 a;AltaGas to open BC terminal for exporting propane to Asia
Altagas Ltd (ALA.TO) Hover Above Parabolic SAR;r/HoverTechnology;-5 a;Altagas Ltd (ALA.TO) Hover Above Parabolic SAR
Any thoughts on Altagas Q1 results?;r/investing;-5 a;Any thoughts on Altagas Q1 results?
Thoughts on Altagas Q1 results?;r/CanadianInvestor;-5 a;Thoughts on Altagas Q1 results?
Alberta Utility Market;r/alberta;-5 a;
Altagas cuts dividend 56%;r/CanadianInvestor;-5 a;
Yes I‚Äôm the dummy that spent $103 on the Flood Drop Pod bid AMA üò≠;r/megaconstrux;-7 j;Yes I‚Äôm the dummy that spent $103 on the Flood Drop Pod bid AMA üò≠
MEGA UPSWING : ALA STOCK ANALYSIS | ALTAGAS STOCK;u/Foreign-Economist704;-1 m.;MEGA UPSWING : ALA STOCK ANALYSIS | ALTAGAS STOCK
Odlum Brown advisor;r/PersonalFinanceCanada;-1 m.;
Meghan Chayka;r/TSNBabes;-2 m.;Meghan Chayka
New Shipping Concerns;r/Vitards;-3 m.;
SUPER TREND : $ALA STOCK ANALYSIS | ALTAGAS STOCK;u/Foreign-Economist704;-5 m.;SUPER TREND : $ALA STOCK ANALYSIS | ALTAGAS STOCK
whatcha think?;r/FridgeDetective;-5 m.;whatcha think?
BSB news For Week #44, August 28, 2023;r/Baystreetbets;-7 m.;
$ETRN Equitrans has amazing value right now;r/wallstreetbets;-9 m.;
üì¢ AltaGas is hiring a SEMCO - Sr. Tax Accountant!;r/jobboardsearch;-1 a;üì¢ AltaGas is hiring a SEMCO - Sr. Tax Accountant!
Recent dip on AltaGas Ltd. (ALA.TO);r/CanadianInvestor;-1 a;Recent dip on AltaGas Ltd. (ALA.TO)
Mercado de electr√≥nica Yamagata ‚ñΩ [BCGAME5.COM] ‚òÜ Centro comercial electr√≥nico de golf de YouTube Ubicaci√≥n Bochia;u/Loud-Ad-3756;-1 a;Mercado de electr√≥nica Yamagata ‚ñΩ [BCGAME5.COM] ‚òÜ Centro comercial electr√≥nico de golf de YouTube Ubicaci√≥n Bochia
RBC: Buy these 29 stocks to invest wisely in growth and pick up long-term winners as recession risks rise;r/buzzfeedbot;-2 a;
AltaGas (TSE:ALA) Given New C$33.00 Price Target at TD Securities;r/News_OilAndEnergy;-2 a;AltaGas (TSE:ALA) Given New C$33.00 Price Target at TD Securities
AltaGas Ltd. (TSE:ALA) Receives Average Rating of ‚ÄúBuy‚Äù from Brokerages;r/News_OilAndEnergy;-2 a;AltaGas Ltd. (TSE:ALA) Receives Average Rating of ‚ÄúBuy‚Äù from Brokerages
Mining Company Stocks at 52-Week Highs;r/StocksAndTrading;-2 a;
My Keybase proof [reddit:altaga- = keybase:altaga] (7HV5_NDBDFKeYxUQBFYMOxosaRUMNovgCG4P_9fAurU);r/KeybaseProofs;-2 a;My Keybase proof [reddit:altaga- = keybase:altaga] (7HV5_NDBDFKeYxUQBFYMOxosaRUMNovgCG4P_9fAurU)
AltaGas Announces Strong Third Quarter Results;r/CanadianInvestor;-2 a;AltaGas Announces Strong Third Quarter Results
BRIEF-Altagas Announces Strong First Quarter Results And Increases 2021 Guidance;r/News_OilAndEnergy;-3 a;BRIEF-Altagas Announces Strong First Quarter Results And Increases 2021 Guidance
2 Rising Canadian Price Targets: AltaGas & Aecon;r/stockchase;-3 a;2 Rising Canadian Price Targets: AltaGas & Aecon
AltaGas Ltd. Closes Aggregate $550 Million Medium Term Note Offerings;r/TradingGrounds;-3 a;AltaGas Ltd. Closes Aggregate $550 Million Medium Term Note Offerings
AltaGas Ltd. Announces Aggregate $550 Million Medium Term Note Offering;r/TradingGrounds;-3 a;AltaGas Ltd. Announces Aggregate $550 Million Medium Term Note Offering
Stocks for my wife to buy;r/CanadianInvestor;-3 a;
AltaGas Ltd. Closes Aggregate $700 Million Medium Term Note Offerings;r/TradingGrounds;-3 a;AltaGas Ltd. Closes Aggregate $700 Million Medium Term Note Offerings
AltaGas Ltd. Announces Aggregate $700 Million Medium Term Note Offerings;r/TradingGrounds;-3 a;AltaGas Ltd. Announces Aggregate $700 Million Medium Term Note Offerings
AltaGas agrees to pay $715 million to double stake in midstream firm Petrogas;r/economy;-3 a;AltaGas agrees to pay $715 million to double stake in midstream firm Petrogas
Sprott Portfolio review;r/pmstocks;-4 a;
Opinions on Ys: Seven? Worth Playing?;r/JRPG;-4 a;Opinions on Ys: Seven? Worth Playing?
ALA.TO Dividend cut?;r/CanadianInvestor;-4 a;
AltaGas Ltd. (ATGFF) CEO Randy Crawford on Q1 2020 Results - Earnings Call Transcript;r/StonkFeed;-4 a;AltaGas Ltd. (ATGFF) CEO Randy Crawford on Q1 2020 Results - Earnings Call Transcript
AltaGas Ltd. 2020 Q1 - Results - Earnings Call Presentation;r/StonkFeed;-4 a;AltaGas Ltd. 2020 Q1 - Results - Earnings Call Presentation
Here's a play that many of you have likely never heard of;r/wallstreetbets;-4 a;
TSX:ALA - 40% potential for 2020?;r/CanadianInvestor;-4 a;
TSX:ALA - 40% potential for 2020 ?;r/stocks;-4 a;
Altagas right now? (ALA.TO);r/CanadianInvestor;-4 a;Altagas right now? (ALA.TO)
AltaGas Canada Inc. [HQ in Calgary] to Be Acquired by PSP Investments and ATRF in a $1.7 Billion Transaction;r/Calgary;-4 a;AltaGas Canada Inc. [HQ in Calgary] to Be Acquired by PSP Investments and ATRF in a $1.7 Billion Transaction
Calgary-based AltaGas (TSX:ALA) selling U.S. solar, fuel cell power plants for $940M;r/solarstocks;-5 a;Calgary-based AltaGas (TSX:ALA) selling U.S. solar, fuel cell power plants for $940M
Let's create the most toxic portfolio (and see if it can beat the TSX index);r/CanadianInvestor;-5 a;
Building my First Canadian Portfolio. Welcoming criticisms :) Thank you;r/PersonalFinanceCanada;-5 a;
@CBCNews: AltaGas Ltd. says the B.C. facility will put Canada on the map as a significant new player in the energy market. https://t.co/DvfcUTkUbs;r/newsbotbot;-5 a;@CBCNews: AltaGas Ltd. says the B.C. facility will put Canada on the map as a significant new player in the energy market. https://t.co/DvfcUTkUbs
AltaGas to open B.C. terminal for exporting propane to Asia;r/britishcolumbia;-5 a;AltaGas to open B.C. terminal for exporting propane to Asia
AltaGas to open B.C. terminal for exporting propane to Asia;r/CanadaPolitics;-5 a;AltaGas to open B.C. terminal for exporting propane to Asia
AltaGas to open BC terminal for exporting propane to Asia;r/EcoInternet;-5 a;AltaGas to open BC terminal for exporting propane to Asia
Altagas Ltd (ALA.TO) Hover Above Parabolic SAR;r/HoverTechnology;-5 a;Altagas Ltd (ALA.TO) Hover Above Parabolic SAR
Any thoughts on Altagas Q1 results?;r/investing;-5 a;Any thoughts on Altagas Q1 results?
Thoughts on Altagas Q1 results?;r/CanadianInvestor;-5 a;Thoughts on Altagas Q1 results?
Alberta Utility Market;r/alberta;-5 a;
Altagas cuts dividend 56%;r/CanadianInvestor;-5 a;
buying prefs on margin?;r/CanadianInvestor;-5 a;
Altagas (ALA);r/CanadianInvestor;-5 a;
Seeking Portfolio advice for DIY investor;r/PersonalFinanceCanada;-5 a;
@MarketCurrents: AltaGas to acquire 50% stake in natural gas processing plants of Black Swan https://t.co/3CX1FLXZeM $ATGFF;r/newsbotMARKET;-6 a;@MarketCurrents: AltaGas to acquire 50% stake in natural gas processing plants of Black Swan https://t.co/3CX1FLXZeM $ATGFF
"@MarketCurrents: AltaGas to spin off some assets into IPO; analyst doubts valuation https://t.co/DChzdmHLMD $ATGFF";r/newsbotMARKET;-6 a;"@MarketCurrents: AltaGas to spin off some assets into IPO; analyst doubts valuation https://t.co/DChzdmHLMD $ATGFF"
AltaGas to spin off some assets into new company, plans IPO;r/CanadianInvestor;-6 a;AltaGas to spin off some assets into new company, plans IPO
Altagas to sell non-core midstream and power assets for $560m;r/EcoInternet;-6 a;Altagas to sell non-core midstream and power assets for $560m
@CBCNews: AltaGas says it is selling about $560 million worth of Canadian and U.S. assets. https://t.co/j0xnA2YfZv;r/newsbotbot;-6 a;@CBCNews: AltaGas says it is selling about $560 million worth of Canadian and U.S. assets. https://t.co/j0xnA2YfZv
On Nova Scotia‚Äôs historic Shubenacadie River, a slow-motion showdown - An unusual natural phenomenon that draws tourists from around the world occurs here. AltaGas has big plans to use this unique place for its own purposes & this has some people very upset & worried;r/EcoInternet;-6 a;On Nova Scotia‚Äôs historic Shubenacadie River, a slow-motion showdown - An unusual natural phenomenon that draws tourists from around the world occurs here. AltaGas has big plans to use this unique place for its own purposes & this has some people very upset & worried
@MarketCurrents: AltaGas declares CAD 0.1825 dividend https://t.co/iNuTMDdaOI $ATGFF;r/newsbotMARKET;-6 a;@MarketCurrents: AltaGas declares CAD 0.1825 dividend https://t.co/iNuTMDdaOI $ATGFF
@MarketCurrents: AltaGas EPS in-line, beats on revenue https://t.co/twy8qtaNxG #premarket $ATGFF;r/newsbotMARKET;-6 a;@MarketCurrents: AltaGas EPS in-line, beats on revenue https://t.co/twy8qtaNxG #premarket $ATGFF
@FortuneMagazine: AltaGas CEO David Harris resigns after complaint https://t.co/KPv247MurQ;r/newsbotMARKET;-6 a;@FortuneMagazine: AltaGas CEO David Harris resigns after complaint https://t.co/KPv247MurQ
@FortuneMagazine: AltaGas CEO David Harris resigns after complaint https://t.co/122gArZBis;r/newsbotMARKET;-6 a;@FortuneMagazine: AltaGas CEO David Harris resigns after complaint https://t.co/122gArZBis
@business: AltaGas CEO David Harris resigns after unspecified complaint https://t.co/NCcvEh3oQS https://t.co/wJqvu6zN0M;r/newsbotMARKET;-6 a;@business: AltaGas CEO David Harris resigns after unspecified complaint https://t.co/NCcvEh3oQS https://t.co/wJqvu6zN0M
@MarketCurrents: AltaGas CEO Harris resigns following complaint filed with board https://t.co/5DJk0864vv $ATGFF;r/newsbotMARKET;-6 a;@MarketCurrents: AltaGas CEO Harris resigns following complaint filed with board https://t.co/5DJk0864vv $ATGFF
Interest in Altagas?;r/CanadianInvestor;-6 a;Interest in Altagas?
AltaGas to sell stake in three Canadian hydro electric facilities for $707m;r/EcoInternet;-6 a;AltaGas to sell stake in three Canadian hydro electric facilities for $707m
AltaGas sells 35-per-cent stake in B.C. hydro projects for $922-million;r/britishcolumbia;-6 a;AltaGas sells 35-per-cent stake in B.C. hydro projects for $922-million
[CA] - AltaGas sells 35% of B.C. hydroelectric operation for $922 million | Toronto Star;r/AutoNewspaper;-6 a;[CA] - AltaGas sells 35% of B.C. hydroelectric operation for $922 million | Toronto Star
[CA] - AltaGas sells 35% of B.C. hydroelectric operation for $922 million;r/TORONTOSTARauto;-6 a;[CA] - AltaGas sells 35% of B.C. hydroelectric operation for $922 million
Thoughts on the Utilities & Energy sector?;r/CanadianInvestor;-6 a;
AltaGas Ltd. vs. Cenovus Energy Inc.: Which Energy Stock Is a Better Buy?;u/sbchateauneuf;-6 a;AltaGas Ltd. vs. Cenovus Energy Inc.: Which Energy Stock Is a Better Buy?
A sincere thankyou from BC - a partial ist of pipeline companies owned by the BC public sector pension plan.;r/alberta;-6 a;
Yes I‚Äôm the dummy that spent $103 on the Flood Drop Pod bid AMA üò≠;r/megaconstrux;-7 j;Yes I‚Äôm the dummy that spent $103 on the Flood Drop Pod bid AMA üò≠
MEGA UPSWING : ALA STOCK ANALYSIS | ALTAGAS STOCK;u/Foreign-Economist704;-1 m.;MEGA UPSWING : ALA STOCK ANALYSIS | ALTAGAS STOCK
Odlum Brown advisor;r/PersonalFinanceCanada;-1 m.;
Meghan Chayka;r/TSNBabes;-2 m.;Meghan Chayka
New Shipping Concerns;r/Vitards;-3 m.;
SUPER TREND : $ALA STOCK ANALYSIS | ALTAGAS STOCK;u/Foreign-Economist704;-5 m.;SUPER TREND : $ALA STOCK ANALYSIS | ALTAGAS STOCK
whatcha think?;r/FridgeDetective;-5 m.;whatcha think?
BSB news For Week #44, August 28, 2023;r/Baystreetbets;-7 m.;
$ETRN Equitrans has amazing value right now;r/wallstreetbets;-9 m.;
üì¢ AltaGas is hiring a SEMCO - Sr. Tax Accountant!;r/jobboardsearch;-1 a;üì¢ AltaGas is hiring a SEMCO - Sr. Tax Accountant!
Recent dip on AltaGas Ltd. (ALA.TO);r/CanadianInvestor;-1 a;Recent dip on AltaGas Ltd. (ALA.TO)
Mercado de electr√≥nica Yamagata ‚ñΩ [BCGAME5.COM] ‚òÜ Centro comercial electr√≥nico de golf de YouTube Ubicaci√≥n Bochia;u/Loud-Ad-3756;-1 a;Mercado de electr√≥nica Yamagata ‚ñΩ [BCGAME5.COM] ‚òÜ Centro comercial electr√≥nico de golf de YouTube Ubicaci√≥n Bochia
RBC: Buy these 29 stocks to invest wisely in growth and pick up long-term winners as recession risks rise;r/buzzfeedbot;-2 a;
AltaGas (TSE:ALA) Given New C$33.00 Price Target at TD Securities;r/News_OilAndEnergy;-2 a;AltaGas (TSE:ALA) Given New C$33.00 Price Target at TD Securities
AltaGas Ltd. (TSE:ALA) Receives Average Rating of ‚ÄúBuy‚Äù from Brokerages;r/News_OilAndEnergy;-2 a;AltaGas Ltd. (TSE:ALA) Receives Average Rating of ‚ÄúBuy‚Äù from Brokerages
Mining Company Stocks at 52-Week Highs;r/StocksAndTrading;-2 a;
My Keybase proof [reddit:altaga- = keybase:altaga] (7HV5_NDBDFKeYxUQBFYMOxosaRUMNovgCG4P_9fAurU);r/KeybaseProofs;-2 a;My Keybase proof [reddit:altaga- = keybase:altaga] (7HV5_NDBDFKeYxUQBFYMOxosaRUMNovgCG4P_9fAurU)
AltaGas Announces Strong Third Quarter Results;r/CanadianInvestor;-2 a;AltaGas Announces Strong Third Quarter Results
BRIEF-Altagas Announces Strong First Quarter Results And Increases 2021 Guidance;r/News_OilAndEnergy;-3 a;BRIEF-Altagas Announces Strong First Quarter Results And Increases 2021 Guidance
2 Rising Canadian Price Targets: AltaGas & Aecon;r/stockchase;-3 a;2 Rising Canadian Price Targets: AltaGas & Aecon
AltaGas Ltd. Closes Aggregate $550 Million Medium Term Note Offerings;r/TradingGrounds;-3 a;AltaGas Ltd. Closes Aggregate $550 Million Medium Term Note Offerings
AltaGas Ltd. Announces Aggregate $550 Million Medium Term Note Offering;r/TradingGrounds;-3 a;AltaGas Ltd. Announces Aggregate $550 Million Medium Term Note Offering
Stocks for my wife to buy;r/CanadianInvestor;-3 a;
AltaGas Ltd. Closes Aggregate $700 Million Medium Term Note Offerings;r/TradingGrounds;-3 a;AltaGas Ltd. Closes Aggregate $700 Million Medium Term Note Offerings
AltaGas Ltd. Announces Aggregate $700 Million Medium Term Note Offerings;r/TradingGrounds;-3 a;AltaGas Ltd. Announces Aggregate $700 Million Medium Term Note Offerings
AltaGas agrees to pay $715 million to double stake in midstream firm Petrogas;r/economy;-3 a;AltaGas agrees to pay $715 million to double stake in midstream firm Petrogas
Sprott Portfolio review;r/pmstocks;-4 a;
Opinions on Ys: Seven? Worth Playing?;r/JRPG;-4 a;Opinions on Ys: Seven? Worth Playing?
ALA.TO Dividend cut?;r/CanadianInvestor;-4 a;
AltaGas Ltd. (ATGFF) CEO Randy Crawford on Q1 2020 Results - Earnings Call Transcript;r/StonkFeed;-4 a;AltaGas Ltd. (ATGFF) CEO Randy Crawford on Q1 2020 Results - Earnings Call Transcript
AltaGas Ltd. 2020 Q1 - Results - Earnings Call Presentation;r/StonkFeed;-4 a;AltaGas Ltd. 2020 Q1 - Results - Earnings Call Presentation
Here's a play that many of you have likely never heard of;r/wallstreetbets;-4 a;
TSX:ALA - 40% potential for 2020?;r/CanadianInvestor;-4 a;
TSX:ALA - 40% potential for 2020 ?;r/stocks;-4 a;
Altagas right now? (ALA.TO);r/CanadianInvestor;-4 a;Altagas right now? (ALA.TO)
AltaGas Canada Inc. [HQ in Calgary] to Be Acquired by PSP Investments and ATRF in a $1.7 Billion Transaction;r/Calgary;-4 a;AltaGas Canada Inc. [HQ in Calgary] to Be Acquired by PSP Investments and ATRF in a $1.7 Billion Transaction
Calgary-based AltaGas (TSX:ALA) selling U.S. solar, fuel cell power plants for $940M;r/solarstocks;-5 a;Calgary-based AltaGas (TSX:ALA) selling U.S. solar, fuel cell power plants for $940M
Let's create the most toxic portfolio (and see if it can beat the TSX index);r/CanadianInvestor;-5 a;
Building my First Canadian Portfolio. Welcoming criticisms :) Thank you;r/PersonalFinanceCanada;-5 a;
@CBCNews: AltaGas Ltd. says the B.C. facility will put Canada on the map as a significant new player in the energy market. https://t.co/DvfcUTkUbs;r/newsbotbot;-5 a;@CBCNews: AltaGas Ltd. says the B.C. facility will put Canada on the map as a significant new player in the energy market. https://t.co/DvfcUTkUbs
AltaGas to open B.C. terminal for exporting propane to Asia;r/britishcolumbia;-5 a;AltaGas to open B.C. terminal for exporting propane to Asia
AltaGas to open B.C. terminal for exporting propane to Asia;r/CanadaPolitics;-5 a;AltaGas to open B.C. terminal for exporting propane to Asia
AltaGas to open BC terminal for exporting propane to Asia;r/EcoInternet;-5 a;AltaGas to open BC terminal for exporting propane to Asia
Altagas Ltd (ALA.TO) Hover Above Parabolic SAR;r/HoverTechnology;-5 a;Altagas Ltd (ALA.TO) Hover Above Parabolic SAR
Any thoughts on Altagas Q1 results?;r/investing;-5 a;Any thoughts on Altagas Q1 results?
Thoughts on Altagas Q1 results?;r/CanadianInvestor;-5 a;Thoughts on Altagas Q1 results?
Alberta Utility Market;r/alberta;-5 a;
Altagas cuts dividend 56%;r/CanadianInvestor;-5 a;
buying prefs on margin?;r/CanadianInvestor;-5 a;
Altagas (ALA);r/CanadianInvestor;-5 a;
Seeking Portfolio advice for DIY investor;r/PersonalFinanceCanada;-5 a;
@MarketCurrents: AltaGas to acquire 50% stake in natural gas processing plants of Black Swan https://t.co/3CX1FLXZeM $ATGFF;r/newsbotMARKET;-6 a;@MarketCurrents: AltaGas to acquire 50% stake in natural gas processing plants of Black Swan https://t.co/3CX1FLXZeM $ATGFF
"@MarketCurrents: AltaGas to spin off some assets into IPO; analyst doubts valuation https://t.co/DChzdmHLMD $ATGFF";r/newsbotMARKET;-6 a;"@MarketCurrents: AltaGas to spin off some assets into IPO; analyst doubts valuation https://t.co/DChzdmHLMD $ATGFF"
AltaGas to spin off some assets into new company, plans IPO;r/CanadianInvestor;-6 a;AltaGas to spin off some assets into new company, plans IPO
Altagas to sell non-core midstream and power assets for $560m;r/EcoInternet;-6 a;Altagas to sell non-core midstream and power assets for $560m
@CBCNews: AltaGas says it is selling about $560 million worth of Canadian and U.S. assets. https://t.co/j0xnA2YfZv;r/newsbotbot;-6 a;@CBCNews: AltaGas says it is selling about $560 million worth of Canadian and U.S. assets. https://t.co/j0xnA2YfZv
On Nova Scotia‚Äôs historic Shubenacadie River, a slow-motion showdown - An unusual natural phenomenon that draws tourists from around the world occurs here. AltaGas has big plans to use this unique place for its own purposes & this has some people very upset & worried;r/EcoInternet;-6 a;On Nova Scotia‚Äôs historic Shubenacadie River, a slow-motion showdown - An unusual natural phenomenon that draws tourists from around the world occurs here. AltaGas has big plans to use this unique place for its own purposes & this has some people very upset & worried
@MarketCurrents: AltaGas declares CAD 0.1825 dividend https://t.co/iNuTMDdaOI $ATGFF;r/newsbotMARKET;-6 a;@MarketCurrents: AltaGas declares CAD 0.1825 dividend https://t.co/iNuTMDdaOI $ATGFF
@MarketCurrents: AltaGas EPS in-line, beats on revenue https://t.co/twy8qtaNxG #premarket $ATGFF;r/newsbotMARKET;-6 a;@MarketCurrents: AltaGas EPS in-line, beats on revenue https://t.co/twy8qtaNxG #premarket $ATGFF
@FortuneMagazine: AltaGas CEO David Harris resigns after complaint https://t.co/KPv247MurQ;r/newsbotMARKET;-6 a;@FortuneMagazine: AltaGas CEO David Harris resigns after complaint https://t.co/KPv247MurQ
@FortuneMagazine: AltaGas CEO David Harris resigns after complaint https://t.co/122gArZBis;r/newsbotMARKET;-6 a;@FortuneMagazine: AltaGas CEO David Harris resigns after complaint https://t.co/122gArZBis
@business: AltaGas CEO David Harris resigns after unspecified complaint https://t.co/NCcvEh3oQS https://t.co/wJqvu6zN0M;r/newsbotMARKET;-6 a;@business: AltaGas CEO David Harris resigns after unspecified complaint https://t.co/NCcvEh3oQS https://t.co/wJqvu6zN0M
@MarketCurrents: AltaGas CEO Harris resigns following complaint filed with board https://t.co/5DJk0864vv $ATGFF;r/newsbotMARKET;-6 a;@MarketCurrents: AltaGas CEO Harris resigns following complaint filed with board https://t.co/5DJk0864vv $ATGFF
Interest in Altagas?;r/CanadianInvestor;-6 a;Interest in Altagas?
AltaGas to sell stake in three Canadian hydro electric facilities for $707m;r/EcoInternet;-6 a;AltaGas to sell stake in three Canadian hydro electric facilities for $707m
AltaGas sells 35-per-cent stake in B.C. hydro projects for $922-million;r/britishcolumbia;-6 a;AltaGas sells 35-per-cent stake in B.C. hydro projects for $922-million
[CA] - AltaGas sells 35% of B.C. hydroelectric operation for $922 million | Toronto Star;r/AutoNewspaper;-6 a;[CA] - AltaGas sells 35% of B.C. hydroelectric operation for $922 million | Toronto Star
[CA] - AltaGas sells 35% of B.C. hydroelectric operation for $922 million;r/TORONTOSTARauto;-6 a;[CA] - AltaGas sells 35% of B.C. hydroelectric operation for $922 million
Thoughts on the Utilities & Energy sector?;r/CanadianInvestor;-6 a;
AltaGas Ltd. vs. Cenovus Energy Inc.: Which Energy Stock Is a Better Buy?;u/sbchateauneuf;-6 a;AltaGas Ltd. vs. Cenovus Energy Inc.: Which Energy Stock Is a Better Buy?
A sincere thankyou from BC - a partial ist of pipeline companies owned by the BC public sector pension plan.;r/alberta;-6 a;
BC public sector pension plan owns a lot of pipeline stock.;r/britishcolumbia;-6 a;
Canadian utilities as Interest Rates struggle to go higher;r/CanadianInvestor;-6 a;
Altagas Down Big, -7.5% Off Strong Q4 Results;r/CanadianInvestor;-6 a;Altagas Down Big, -7.5% Off Strong Q4 Results
Investing in dividend stocks with student LOC while in school??;r/PersonalFinanceCanada;-6 a;
AltaGas TSE:ALA;r/CanadianInvestor;-7 a;
[Business] - AltaGas Q2 adjusted FFO per share C$0.72 | Times of India;r/AutoNewspaper;-7 a;[Business] - AltaGas Q2 adjusted FFO per share C$0.72 | Times of India
[Business] - AltaGas Q2 adjusted FFO per share C$0.72;r/TIMESINDIAauto;-7 a;[Business] - AltaGas Q2 adjusted FFO per share C$0.72
Starter Dividend Portfolio. Any advice or help please? Plan inside...;r/PersonalFinanceCanada;-7 a;
TFSA Dividend Portfolio Plan - Help please?;r/CanadianInvestor;-7 a;
Altagas (ALA.TO);r/CanadianInvestor;-7 a;Altagas (ALA.TO)
Gas industry gave BC Liberals a million dollars for re-election;r/britishcolumbia;-7 a;Gas industry gave BC Liberals a million dollars for re-election
Looking to add a new dividend growth stock to my portfolio;r/CanadianInvestor;-7 a;
"Tesla‚Äôs Battery Revolution Just Reached Critical Mass - ""Three massive battery storage plants‚Äîbuilt by Tesla, AES Corp., and Altagas Ltd... Combined, they amount to 15 percent of the battery storage installed planet-wide last year.""";r/realtech;-7 a;"Tesla‚Äôs Battery Revolution Just Reached Critical Mass - ""Three massive battery storage plants‚Äîbuilt by Tesla, AES Corp., and Altagas Ltd... Combined, they amount to 15 percent of the battery storage installed planet-wide last year."""
"Tesla‚Äôs Battery Revolution Just Reached Critical Mass - ""Three massive battery storage plants‚Äîbuilt by Tesla, AES Corp., and Altagas Ltd... Combined, they amount to 15 percent of the battery storage installed planet-wide last year.""";r/technology;-7 a;"Tesla‚Äôs Battery Revolution Just Reached Critical Mass - ""Three massive battery storage plants‚Äîbuilt by Tesla, AES Corp., and Altagas Ltd... Combined, they amount to 15 percent of the battery storage installed planet-wide last year."""
$4.6 Billion AltaGas Deal Has Wall Street Fearing Exelon Repeat;r/SecurityAnalysis;-7 a;$4.6 Billion AltaGas Deal Has Wall Street Fearing Exelon Repeat
AltaGas acquiring WGL Holdings in deal worth $8.4B;r/CanadianInvestor;-7 a;AltaGas acquiring WGL Holdings in deal worth $8.4B
[Business] - AltaGas Buying WGL for $6.4 Billion | philly.com;r/AutoNewspaper;-7 a;[Business] - AltaGas Buying WGL for $6.4 Billion | philly.com
[Business] - AltaGas Buying WGL for $6.4 Billion;r/PHILLYauto;-7 a;[Business] - AltaGas Buying WGL for $6.4 Billion
"AltaGas announces new Montney facilities valued at up to $180 million | Markets &amp; Investment | JWN Energy";r/alberta;-7 a;"AltaGas announces new Montney facilities valued at up to $180 million | Markets &amp; Investment | JWN Energy"
What is this interest payment?;r/investing;-7 a;
Yes I‚Äôm the dummy that spent $103 on the Flood Drop Pod bid AMA üò≠;r/megaconstrux;-7 j;Yes I‚Äôm the dummy that spent $103 on the Flood Drop Pod bid AMA üò≠
MEGA UPSWING : ALA STOCK ANALYSIS | ALTAGAS STOCK;u/Foreign-Economist704;-1 m.;MEGA UPSWING : ALA STOCK ANALYSIS | ALTAGAS STOCK
Odlum Brown advisor;r/PersonalFinanceCanada;-1 m.;
Meghan Chayka;r/TSNBabes;-2 m.;Meghan Chayka
New Shipping Concerns;r/Vitards;-3 m.;
SUPER TREND : $ALA STOCK ANALYSIS | ALTAGAS STOCK;u/Foreign-Economist704;-5 m.;SUPER TREND : $ALA STOCK ANALYSIS | ALTAGAS STOCK
whatcha think?;r/FridgeDetective;-5 m.;whatcha think?
BSB news For Week #44, August 28, 2023;r/Baystreetbets;-7 m.;
$ETRN Equitrans has amazing value right now;r/wallstreetbets;-9 m.;
üì¢ AltaGas is hiring a SEMCO - Sr. Tax Accountant!;r/jobboardsearch;-1 a;üì¢ AltaGas is hiring a SEMCO - Sr. Tax Accountant!
Recent dip on AltaGas Ltd. (ALA.TO);r/CanadianInvestor;-1 a;Recent dip on AltaGas Ltd. (ALA.TO)
Mercado de electr√≥nica Yamagata ‚ñΩ [BCGAME5.COM] ‚òÜ Centro comercial electr√≥nico de golf de YouTube Ubicaci√≥n Bochia;u/Loud-Ad-3756;-1 a;Mercado de electr√≥nica Yamagata ‚ñΩ [BCGAME5.COM] ‚òÜ Centro comercial electr√≥nico de golf de YouTube Ubicaci√≥n Bochia
RBC: Buy these 29 stocks to invest wisely in growth and pick up long-term winners as recession risks rise;r/buzzfeedbot;-2 a;
AltaGas (TSE:ALA) Given New C$33.00 Price Target at TD Securities;r/News_OilAndEnergy;-2 a;AltaGas (TSE:ALA) Given New C$33.00 Price Target at TD Securities
AltaGas Ltd. (TSE:ALA) Receives Average Rating of ‚ÄúBuy‚Äù from Brokerages;r/News_OilAndEnergy;-2 a;AltaGas Ltd. (TSE:ALA) Receives Average Rating of ‚ÄúBuy‚Äù from Brokerages
Mining Company Stocks at 52-Week Highs;r/StocksAndTrading;-2 a;
My Keybase proof [reddit:altaga- = keybase:altaga] (7HV5_NDBDFKeYxUQBFYMOxosaRUMNovgCG4P_9fAurU);r/KeybaseProofs;-2 a;My Keybase proof [reddit:altaga- = keybase:altaga] (7HV5_NDBDFKeYxUQBFYMOxosaRUMNovgCG4P_9fAurU)
AltaGas Announces Strong Third Quarter Results;r/CanadianInvestor;-2 a;AltaGas Announces Strong Third Quarter Results
BRIEF-Altagas Announces Strong First Quarter Results And Increases 2021 Guidance;r/News_OilAndEnergy;-3 a;BRIEF-Altagas Announces Strong First Quarter Results And Increases 2021 Guidance
2 Rising Canadian Price Targets: AltaGas & Aecon;r/stockchase;-3 a;2 Rising Canadian Price Targets: AltaGas & Aecon
AltaGas Ltd. Closes Aggregate $550 Million Medium Term Note Offerings;r/TradingGrounds;-3 a;AltaGas Ltd. Closes Aggregate $550 Million Medium Term Note Offerings
AltaGas Ltd. Announces Aggregate $550 Million Medium Term Note Offering;r/TradingGrounds;-3 a;AltaGas Ltd. Announces Aggregate $550 Million Medium Term Note Offering
Stocks for my wife to buy;r/CanadianInvestor;-3 a;
AltaGas Ltd. Closes Aggregate $700 Million Medium Term Note Offerings;r/TradingGrounds;-3 a;AltaGas Ltd. Closes Aggregate $700 Million Medium Term Note Offerings
AltaGas Ltd. Announces Aggregate $700 Million Medium Term Note Offerings;r/TradingGrounds;-3 a;AltaGas Ltd. Announces Aggregate $700 Million Medium Term Note Offerings
AltaGas agrees to pay $715 million to double stake in midstream firm Petrogas;r/economy;-3 a;AltaGas agrees to pay $715 million to double stake in midstream firm Petrogas
Sprott Portfolio review;r/pmstocks;-4 a;
Opinions on Ys: Seven? Worth Playing?;r/JRPG;-4 a;Opinions on Ys: Seven? Worth Playing?
ALA.TO Dividend cut?;r/CanadianInvestor;-4 a;
AltaGas Ltd. (ATGFF) CEO Randy Crawford on Q1 2020 Results - Earnings Call Transcript;r/StonkFeed;-4 a;AltaGas Ltd. (ATGFF) CEO Randy Crawford on Q1 2020 Results - Earnings Call Transcript
AltaGas Ltd. 2020 Q1 - Results - Earnings Call Presentation;r/StonkFeed;-4 a;AltaGas Ltd. 2020 Q1 - Results - Earnings Call Presentation
Here's a play that many of you have likely never heard of;r/wallstreetbets;-4 a;
TSX:ALA - 40% potential for 2020?;r/CanadianInvestor;-4 a;
TSX:ALA - 40% potential for 2020 ?;r/stocks;-4 a;
Altagas right now? (ALA.TO);r/CanadianInvestor;-4 a;Altagas right now? (ALA.TO)
AltaGas Canada Inc. [HQ in Calgary] to Be Acquired by PSP Investments and ATRF in a $1.7 Billion Transaction;r/Calgary;-4 a;AltaGas Canada Inc. [HQ in Calgary] to Be Acquired by PSP Investments and ATRF in a $1.7 Billion Transaction
Calgary-based AltaGas (TSX:ALA) selling U.S. solar, fuel cell power plants for $940M;r/solarstocks;-5 a;Calgary-based AltaGas (TSX:ALA) selling U.S. solar, fuel cell power plants for $940M
Let's create the most toxic portfolio (and see if it can beat the TSX index);r/CanadianInvestor;-5 a;
Building my First Canadian Portfolio. Welcoming criticisms :) Thank you;r/PersonalFinanceCanada;-5 a;
@CBCNews: AltaGas Ltd. says the B.C. facility will put Canada on the map as a significant new player in the energy market. https://t.co/DvfcUTkUbs;r/newsbotbot;-5 a;@CBCNews: AltaGas Ltd. says the B.C. facility will put Canada on the map as a significant new player in the energy market. https://t.co/DvfcUTkUbs
AltaGas to open B.C. terminal for exporting propane to Asia;r/britishcolumbia;-5 a;AltaGas to open B.C. terminal for exporting propane to Asia
AltaGas to open B.C. terminal for exporting propane to Asia;r/CanadaPolitics;-5 a;AltaGas to open B.C. terminal for exporting propane to Asia
AltaGas to open BC terminal for exporting propane to Asia;r/EcoInternet;-5 a;AltaGas to open BC terminal for exporting propane to Asia
Altagas Ltd (ALA.TO) Hover Above Parabolic SAR;r/HoverTechnology;-5 a;Altagas Ltd (ALA.TO) Hover Above Parabolic SAR
Any thoughts on Altagas Q1 results?;r/investing;-5 a;Any thoughts on Altagas Q1 results?
Thoughts on Altagas Q1 results?;r/CanadianInvestor;-5 a;Thoughts on Altagas Q1 results?
Alberta Utility Market;r/alberta;-5 a;
Altagas cuts dividend 56%;r/CanadianInvestor;-5 a;
buying prefs on margin?;r/CanadianInvestor;-5 a;
Altagas (ALA);r/CanadianInvestor;-5 a;
Seeking Portfolio advice for DIY investor;r/PersonalFinanceCanada;-5 a;
@MarketCurrents: AltaGas to acquire 50% stake in natural gas processing plants of Black Swan https://t.co/3CX1FLXZeM $ATGFF;r/newsbotMARKET;-6 a;@MarketCurrents: AltaGas to acquire 50% stake in natural gas processing plants of Black Swan https://t.co/3CX1FLXZeM $ATGFF
"@MarketCurrents: AltaGas to spin off some assets into IPO; analyst doubts valuation https://t.co/DChzdmHLMD $ATGFF";r/newsbotMARKET;-6 a;"@MarketCurrents: AltaGas to spin off some assets into IPO; analyst doubts valuation https://t.co/DChzdmHLMD $ATGFF"
AltaGas to spin off some assets into new company, plans IPO;r/CanadianInvestor;-6 a;AltaGas to spin off some assets into new company, plans IPO
Altagas to sell non-core midstream and power assets for $560m;r/EcoInternet;-6 a;Altagas to sell non-core midstream and power assets for $560m
@CBCNews: AltaGas says it is selling about $560 million worth of Canadian and U.S. assets. https://t.co/j0xnA2YfZv;r/newsbotbot;-6 a;@CBCNews: AltaGas says it is selling about $560 million worth of Canadian and U.S. assets. https://t.co/j0xnA2YfZv
On Nova Scotia‚Äôs historic Shubenacadie River, a slow-motion showdown - An unusual natural phenomenon that draws tourists from around the world occurs here. AltaGas has big plans to use this unique place for its own purposes & this has some people very upset & worried;r/EcoInternet;-6 a;On Nova Scotia‚Äôs historic Shubenacadie River, a slow-motion showdown - An unusual natural phenomenon that draws tourists from around the world occurs here. AltaGas has big plans to use this unique place for its own purposes & this has some people very upset & worried
@MarketCurrents: AltaGas declares CAD 0.1825 dividend https://t.co/iNuTMDdaOI $ATGFF;r/newsbotMARKET;-6 a;@MarketCurrents: AltaGas declares CAD 0.1825 dividend https://t.co/iNuTMDdaOI $ATGFF
@MarketCurrents: AltaGas EPS in-line, beats on revenue https://t.co/twy8qtaNxG #premarket $ATGFF;r/newsbotMARKET;-6 a;@MarketCurrents: AltaGas EPS in-line, beats on revenue https://t.co/twy8qtaNxG #premarket $ATGFF
@FortuneMagazine: AltaGas CEO David Harris resigns after complaint https://t.co/KPv247MurQ;r/newsbotMARKET;-6 a;@FortuneMagazine: AltaGas CEO David Harris resigns after complaint https://t.co/KPv247MurQ
@FortuneMagazine: AltaGas CEO David Harris resigns after complaint https://t.co/122gArZBis;r/newsbotMARKET;-6 a;@FortuneMagazine: AltaGas CEO David Harris resigns after complaint https://t.co/122gArZBis
@business: AltaGas CEO David Harris resigns after unspecified complaint https://t.co/NCcvEh3oQS https://t.co/wJqvu6zN0M;r/newsbotMARKET;-6 a;@business: AltaGas CEO David Harris resigns after unspecified complaint https://t.co/NCcvEh3oQS https://t.co/wJqvu6zN0M
@MarketCurrents: AltaGas CEO Harris resigns following complaint filed with board https://t.co/5DJk0864vv $ATGFF;r/newsbotMARKET;-6 a;@MarketCurrents: AltaGas CEO Harris resigns following complaint filed with board https://t.co/5DJk0864vv $ATGFF
Interest in Altagas?;r/CanadianInvestor;-6 a;Interest in Altagas?
AltaGas to sell stake in three Canadian hydro electric facilities for $707m;r/EcoInternet;-6 a;AltaGas to sell stake in three Canadian hydro electric facilities for $707m
AltaGas sells 35-per-cent stake in B.C. hydro projects for $922-million;r/britishcolumbia;-6 a;AltaGas sells 35-per-cent stake in B.C. hydro projects for $922-million
[CA] - AltaGas sells 35% of B.C. hydroelectric operation for $922 million | Toronto Star;r/AutoNewspaper;-6 a;[CA] - AltaGas sells 35% of B.C. hydroelectric operation for $922 million | Toronto Star
[CA] - AltaGas sells 35% of B.C. hydroelectric operation for $922 million;r/TORONTOSTARauto;-6 a;[CA] - AltaGas sells 35% of B.C. hydroelectric operation for $922 million
Thoughts on the Utilities & Energy sector?;r/CanadianInvestor;-6 a;
AltaGas Ltd. vs. Cenovus Energy Inc.: Which Energy Stock Is a Better Buy?;u/sbchateauneuf;-6 a;AltaGas Ltd. vs. Cenovus Energy Inc.: Which Energy Stock Is a Better Buy?
A sincere thankyou from BC - a partial ist of pipeline companies owned by the BC public sector pension plan.;r/alberta;-6 a;
BC public sector pension plan owns a lot of pipeline stock.;r/britishcolumbia;-6 a;
Canadian utilities as Interest Rates struggle to go higher;r/CanadianInvestor;-6 a;
Altagas Down Big, -7.5% Off Strong Q4 Results;r/CanadianInvestor;-6 a;Altagas Down Big, -7.5% Off Strong Q4 Results
Investing in dividend stocks with student LOC while in school??;r/PersonalFinanceCanada;-6 a;
AltaGas TSE:ALA;r/CanadianInvestor;-7 a;
[Business] - AltaGas Q2 adjusted FFO per share C$0.72 | Times of India;r/AutoNewspaper;-7 a;[Business] - AltaGas Q2 adjusted FFO per share C$0.72 | Times of India
[Business] - AltaGas Q2 adjusted FFO per share C$0.72;r/TIMESINDIAauto;-7 a;[Business] - AltaGas Q2 adjusted FFO per share C$0.72
Starter Dividend Portfolio. Any advice or help please? Plan inside...;r/PersonalFinanceCanada;-7 a;
TFSA Dividend Portfolio Plan - Help please?;r/CanadianInvestor;-7 a;
Altagas (ALA.TO);r/CanadianInvestor;-7 a;Altagas (ALA.TO)
Gas industry gave BC Liberals a million dollars for re-election;r/britishcolumbia;-7 a;Gas industry gave BC Liberals a million dollars for re-election
Looking to add a new dividend growth stock to my portfolio;r/CanadianInvestor;-7 a;
"Tesla‚Äôs Battery Revolution Just Reached Critical Mass - ""Three massive battery storage plants‚Äîbuilt by Tesla, AES Corp., and Altagas Ltd... Combined, they amount to 15 percent of the battery storage installed planet-wide last year.""";r/realtech;-7 a;"Tesla‚Äôs Battery Revolution Just Reached Critical Mass - ""Three massive battery storage plants‚Äîbuilt by Tesla, AES Corp., and Altagas Ltd... Combined, they amount to 15 percent of the battery storage installed planet-wide last year."""
"Tesla‚Äôs Battery Revolution Just Reached Critical Mass - ""Three massive battery storage plants‚Äîbuilt by Tesla, AES Corp., and Altagas Ltd... Combined, they amount to 15 percent of the battery storage installed planet-wide last year.""";r/technology;-7 a;"Tesla‚Äôs Battery Revolution Just Reached Critical Mass - ""Three massive battery storage plants‚Äîbuilt by Tesla, AES Corp., and Altagas Ltd... Combined, they amount to 15 percent of the battery storage installed planet-wide last year."""
$4.6 Billion AltaGas Deal Has Wall Street Fearing Exelon Repeat;r/SecurityAnalysis;-7 a;$4.6 Billion AltaGas Deal Has Wall Street Fearing Exelon Repeat
AltaGas acquiring WGL Holdings in deal worth $8.4B;r/CanadianInvestor;-7 a;AltaGas acquiring WGL Holdings in deal worth $8.4B
[Business] - AltaGas Buying WGL for $6.4 Billion | philly.com;r/AutoNewspaper;-7 a;[Business] - AltaGas Buying WGL for $6.4 Billion | philly.com
[Business] - AltaGas Buying WGL for $6.4 Billion;r/PHILLYauto;-7 a;[Business] - AltaGas Buying WGL for $6.4 Billion
"AltaGas announces new Montney facilities valued at up to $180 million | Markets &amp; Investment | JWN Energy";r/alberta;-7 a;"AltaGas announces new Montney facilities valued at up to $180 million | Markets &amp; Investment | JWN Energy"
What is this interest payment?;r/investing;-7 a;
AltaGas planning to build B.C.'s first propane export terminal;r/canada;-7 a;AltaGas planning to build B.C.'s first propane export terminal
Sipekne‚Äôkatik band prepared for long protest at AltaGas site;r/Environmentalism;-8 a;Sipekne‚Äôkatik band prepared for long protest at AltaGas site
Sipekne‚Äôkatik band prepared for long protest at AltaGas site;r/radicalcanada;-8 a;Sipekne‚Äôkatik band prepared for long protest at AltaGas site
[Canada] Sipekne‚Äôkatik band prepared for long protest at AltaGas site;r/worldanarchism;-8 a;[Canada] Sipekne‚Äôkatik band prepared for long protest at AltaGas site
[Canada] Sipekne'katik band prepared for long protest at AltaGas site - Nova Scotia;r/worldanarchism;-8 a;[Canada] Sipekne'katik band prepared for long protest at AltaGas site - Nova Scotia
[Canada] RCMP 'neutral' as AltaGas and Mi'kmaq protesters spar over island;r/worldanarchism;-8 a;[Canada] RCMP 'neutral' as AltaGas and Mi'kmaq protesters spar over island
AltaGas wins 10-year SCE deal for 20MW battery system in California;r/batteries;-8 a;AltaGas wins 10-year SCE deal for 20MW battery system in California
Japan‚Äôs Idemitsu, AltaGas suspend Canadian LNG project;r/JapanBusinessNews;-8 a;Japan‚Äôs Idemitsu, AltaGas suspend Canadian LNG project
Yedlin: TransCanada, AltaGas moves signal demise of coal-fired electricity;r/Calgary;-8 a;Yedlin: TransCanada, AltaGas moves signal demise of coal-fired electricity
AltaGas halts plan to export LNG from British Columbia‚Äôs north coast;r/canada;-8 a;AltaGas halts plan to export LNG from British Columbia‚Äôs north coast
AltaGas calls halt to its LNG project in Kitimat;r/britishcolumbia;-8 a;AltaGas calls halt to its LNG project in Kitimat
AltaGas halts Douglas Channel project in latest blow to B.C.'s LNG ambitions;r/CanadianInvestor;-8 a;
AltaGas Ltd shelves Douglas Channel LNG plans amid global surplus;r/vancouver;-8 a;AltaGas Ltd shelves Douglas Channel LNG plans amid global surplus
Price Targets for Thursday January 21, 2016;r/PriceTargets;-8 a;
Alton Natural Gas Storage Facility Gets Green Light From Nova Scotia: AltaGas will store natural gas in three underground salt caverns in Alton, N.S.;r/NovaScotia;-8 a;Alton Natural Gas Storage Facility Gets Green Light From Nova Scotia: AltaGas will store natural gas in three underground salt caverns in Alton, N.S.
Price Targets for Monday January 18, 2016;r/PriceTargets;-8 a;
Price Targets for Tuesday November 3, 2015;r/PriceTargets;-9 a;
Price Targets for Friday October 30, 2015 (x-post from /r/PriceTargets);r/CanadianInvestor;-9 a;
Price Targets for Friday October 30, 2015;r/PriceTargets;-9 a;
Price Targets for Thursday October 29, 2015;r/PriceTargets;-9 a;
Price Targets for Friday October 23, 2015 (x-post from /r/PriceTargets);r/stocks;-9 a;
Price Targets for Friday October 23, 2015 (x-post from /r/PriceTargets);r/investing;-9 a;
Price Targets for Friday October 23, 2015;r/PriceTargets;-9 a;
Price Targets for Monday October 5, 2015;r/PriceTargets;-9 a;
Price Targets for Thursday October 1, 2015;r/PriceTargets;-9 a;
Yes I‚Äôm the dummy that spent $103 on the Flood Drop Pod bid AMA üò≠;r/megaconstrux;-7 j;Yes I‚Äôm the dummy that spent $103 on the Flood Drop Pod bid AMA üò≠
MEGA UPSWING : ALA STOCK ANALYSIS | ALTAGAS STOCK;u/Foreign-Economist704;-1 m.;MEGA UPSWING : ALA STOCK ANALYSIS | ALTAGAS STOCK
Odlum Brown advisor;r/PersonalFinanceCanada;-1 m.;
Meghan Chayka;r/TSNBabes;-2 m.;Meghan Chayka
New Shipping Concerns;r/Vitards;-3 m.;
SUPER TREND : $ALA STOCK ANALYSIS | ALTAGAS STOCK;u/Foreign-Economist704;-5 m.;SUPER TREND : $ALA STOCK ANALYSIS | ALTAGAS STOCK
whatcha think?;r/FridgeDetective;-5 m.;whatcha think?
BSB news For Week #44, August 28, 2023;r/Baystreetbets;-7 m.;
$ETRN Equitrans has amazing value right now;r/wallstreetbets;-9 m.;
üì¢ AltaGas is hiring a SEMCO - Sr. Tax Accountant!;r/jobboardsearch;-1 a;üì¢ AltaGas is hiring a SEMCO - Sr. Tax Accountant!
Recent dip on AltaGas Ltd. (ALA.TO);r/CanadianInvestor;-1 a;Recent dip on AltaGas Ltd. (ALA.TO)
Mercado de electr√≥nica Yamagata ‚ñΩ [BCGAME5.COM] ‚òÜ Centro comercial electr√≥nico de golf de YouTube Ubicaci√≥n Bochia;u/Loud-Ad-3756;-1 a;Mercado de electr√≥nica Yamagata ‚ñΩ [BCGAME5.COM] ‚òÜ Centro comercial electr√≥nico de golf de YouTube Ubicaci√≥n Bochia
RBC: Buy these 29 stocks to invest wisely in growth and pick up long-term winners as recession risks rise;r/buzzfeedbot;-2 a;
AltaGas (TSE:ALA) Given New C$33.00 Price Target at TD Securities;r/News_OilAndEnergy;-2 a;AltaGas (TSE:ALA) Given New C$33.00 Price Target at TD Securities
AltaGas Ltd. (TSE:ALA) Receives Average Rating of ‚ÄúBuy‚Äù from Brokerages;r/News_OilAndEnergy;-2 a;AltaGas Ltd. (TSE:ALA) Receives Average Rating of ‚ÄúBuy‚Äù from Brokerages
Mining Company Stocks at 52-Week Highs;r/StocksAndTrading;-2 a;
My Keybase proof [reddit:altaga- = keybase:altaga] (7HV5_NDBDFKeYxUQBFYMOxosaRUMNovgCG4P_9fAurU);r/KeybaseProofs;-2 a;My Keybase proof [reddit:altaga- = keybase:altaga] (7HV5_NDBDFKeYxUQBFYMOxosaRUMNovgCG4P_9fAurU)
AltaGas Announces Strong Third Quarter Results;r/CanadianInvestor;-2 a;AltaGas Announces Strong Third Quarter Results
BRIEF-Altagas Announces Strong First Quarter Results And Increases 2021 Guidance;r/News_OilAndEnergy;-3 a;BRIEF-Altagas Announces Strong First Quarter Results And Increases 2021 Guidance
2 Rising Canadian Price Targets: AltaGas & Aecon;r/stockchase;-3 a;2 Rising Canadian Price Targets: AltaGas & Aecon
AltaGas Ltd. Closes Aggregate $550 Million Medium Term Note Offerings;r/TradingGrounds;-3 a;AltaGas Ltd. Closes Aggregate $550 Million Medium Term Note Offerings
AltaGas Ltd. Announces Aggregate $550 Million Medium Term Note Offering;r/TradingGrounds;-3 a;AltaGas Ltd. Announces Aggregate $550 Million Medium Term Note Offering
Stocks for my wife to buy;r/CanadianInvestor;-3 a;
AltaGas Ltd. Closes Aggregate $700 Million Medium Term Note Offerings;r/TradingGrounds;-3 a;AltaGas Ltd. Closes Aggregate $700 Million Medium Term Note Offerings
AltaGas Ltd. Announces Aggregate $700 Million Medium Term Note Offerings;r/TradingGrounds;-3 a;AltaGas Ltd. Announces Aggregate $700 Million Medium Term Note Offerings
AltaGas agrees to pay $715 million to double stake in midstream firm Petrogas;r/economy;-3 a;AltaGas agrees to pay $715 million to double stake in midstream firm Petrogas
Sprott Portfolio review;r/pmstocks;-4 a;
Opinions on Ys: Seven? Worth Playing?;r/JRPG;-4 a;Opinions on Ys: Seven? Worth Playing?
ALA.TO Dividend cut?;r/CanadianInvestor;-4 a;
AltaGas Ltd. (ATGFF) CEO Randy Crawford on Q1 2020 Results - Earnings Call Transcript;r/StonkFeed;-4 a;AltaGas Ltd. (ATGFF) CEO Randy Crawford on Q1 2020 Results - Earnings Call Transcript
AltaGas Ltd. 2020 Q1 - Results - Earnings Call Presentation;r/StonkFeed;-4 a;AltaGas Ltd. 2020 Q1 - Results - Earnings Call Presentation
Here's a play that many of you have likely never heard of;r/wallstreetbets;-4 a;
TSX:ALA - 40% potential for 2020?;r/CanadianInvestor;-4 a;
TSX:ALA - 40% potential for 2020 ?;r/stocks;-4 a;
Altagas right now? (ALA.TO);r/CanadianInvestor;-4 a;Altagas right now? (ALA.TO)
AltaGas Canada Inc. [HQ in Calgary] to Be Acquired by PSP Investments and ATRF in a $1.7 Billion Transaction;r/Calgary;-4 a;AltaGas Canada Inc. [HQ in Calgary] to Be Acquired by PSP Investments and ATRF in a $1.7 Billion Transaction
Calgary-based AltaGas (TSX:ALA) selling U.S. solar, fuel cell power plants for $940M;r/solarstocks;-5 a;Calgary-based AltaGas (TSX:ALA) selling U.S. solar, fuel cell power plants for $940M
Let's create the most toxic portfolio (and see if it can beat the TSX index);r/CanadianInvestor;-5 a;
Building my First Canadian Portfolio. Welcoming criticisms :) Thank you;r/PersonalFinanceCanada;-5 a;
@CBCNews: AltaGas Ltd. says the B.C. facility will put Canada on the map as a significant new player in the energy market. https://t.co/DvfcUTkUbs;r/newsbotbot;-5 a;@CBCNews: AltaGas Ltd. says the B.C. facility will put Canada on the map as a significant new player in the energy market. https://t.co/DvfcUTkUbs
AltaGas to open B.C. terminal for exporting propane to Asia;r/britishcolumbia;-5 a;AltaGas to open B.C. terminal for exporting propane to Asia
AltaGas to open B.C. terminal for exporting propane to Asia;r/CanadaPolitics;-5 a;AltaGas to open B.C. terminal for exporting propane to Asia
AltaGas to open BC terminal for exporting propane to Asia;r/EcoInternet;-5 a;AltaGas to open BC terminal for exporting propane to Asia
Altagas Ltd (ALA.TO) Hover Above Parabolic SAR;r/HoverTechnology;-5 a;Altagas Ltd (ALA.TO) Hover Above Parabolic SAR
Any thoughts on Altagas Q1 results?;r/investing;-5 a;Any thoughts on Altagas Q1 results?
Thoughts on Altagas Q1 results?;r/CanadianInvestor;-5 a;Thoughts on Altagas Q1 results?
Alberta Utility Market;r/alberta;-5 a;
Altagas cuts dividend 56%;r/CanadianInvestor;-5 a;
buying prefs on margin?;r/CanadianInvestor;-5 a;
Altagas (ALA);r/CanadianInvestor;-5 a;
Seeking Portfolio advice for DIY investor;r/PersonalFinanceCanada;-5 a;
@MarketCurrents: AltaGas to acquire 50% stake in natural gas processing plants of Black Swan https://t.co/3CX1FLXZeM $ATGFF;r/newsbotMARKET;-6 a;@MarketCurrents: AltaGas to acquire 50% stake in natural gas processing plants of Black Swan https://t.co/3CX1FLXZeM $ATGFF
"@MarketCurrents: AltaGas to spin off some assets into IPO; analyst doubts valuation https://t.co/DChzdmHLMD $ATGFF";r/newsbotMARKET;-6 a;"@MarketCurrents: AltaGas to spin off some assets into IPO; analyst doubts valuation https://t.co/DChzdmHLMD $ATGFF"
AltaGas to spin off some assets into new company, plans IPO;r/CanadianInvestor;-6 a;AltaGas to spin off some assets into new company, plans IPO
Altagas to sell non-core midstream and power assets for $560m;r/EcoInternet;-6 a;Altagas to sell non-core midstream and power assets for $560m
@CBCNews: AltaGas says it is selling about $560 million worth of Canadian and U.S. assets. https://t.co/j0xnA2YfZv;r/newsbotbot;-6 a;@CBCNews: AltaGas says it is selling about $560 million worth of Canadian and U.S. assets. https://t.co/j0xnA2YfZv
On Nova Scotia‚Äôs historic Shubenacadie River, a slow-motion showdown - An unusual natural phenomenon that draws tourists from around the world occurs here. AltaGas has big plans to use this unique place for its own purposes & this has some people very upset & worried;r/EcoInternet;-6 a;On Nova Scotia‚Äôs historic Shubenacadie River, a slow-motion showdown - An unusual natural phenomenon that draws tourists from around the world occurs here. AltaGas has big plans to use this unique place for its own purposes & this has some people very upset & worried
@MarketCurrents: AltaGas declares CAD 0.1825 dividend https://t.co/iNuTMDdaOI $ATGFF;r/newsbotMARKET;-6 a;@MarketCurrents: AltaGas declares CAD 0.1825 dividend https://t.co/iNuTMDdaOI $ATGFF
@MarketCurrents: AltaGas EPS in-line, beats on revenue https://t.co/twy8qtaNxG #premarket $ATGFF;r/newsbotMARKET;-6 a;@MarketCurrents: AltaGas EPS in-line, beats on revenue https://t.co/twy8qtaNxG #premarket $ATGFF
@FortuneMagazine: AltaGas CEO David Harris resigns after complaint https://t.co/KPv247MurQ;r/newsbotMARKET;-6 a;@FortuneMagazine: AltaGas CEO David Harris resigns after complaint https://t.co/KPv247MurQ
@FortuneMagazine: AltaGas CEO David Harris resigns after complaint https://t.co/122gArZBis;r/newsbotMARKET;-6 a;@FortuneMagazine: AltaGas CEO David Harris resigns after complaint https://t.co/122gArZBis
@business: AltaGas CEO David Harris resigns after unspecified complaint https://t.co/NCcvEh3oQS https://t.co/wJqvu6zN0M;r/newsbotMARKET;-6 a;@business: AltaGas CEO David Harris resigns after unspecified complaint https://t.co/NCcvEh3oQS https://t.co/wJqvu6zN0M
@MarketCurrents: AltaGas CEO Harris resigns following complaint filed with board https://t.co/5DJk0864vv $ATGFF;r/newsbotMARKET;-6 a;@MarketCurrents: AltaGas CEO Harris resigns following complaint filed with board https://t.co/5DJk0864vv $ATGFF
Interest in Altagas?;r/CanadianInvestor;-6 a;Interest in Altagas?
AltaGas to sell stake in three Canadian hydro electric facilities for $707m;r/EcoInternet;-6 a;AltaGas to sell stake in three Canadian hydro electric facilities for $707m
AltaGas sells 35-per-cent stake in B.C. hydro projects for $922-million;r/britishcolumbia;-6 a;AltaGas sells 35-per-cent stake in B.C. hydro projects for $922-million
[CA] - AltaGas sells 35% of B.C. hydroelectric operation for $922 million | Toronto Star;r/AutoNewspaper;-6 a;[CA] - AltaGas sells 35% of B.C. hydroelectric operation for $922 million | Toronto Star
[CA] - AltaGas sells 35% of B.C. hydroelectric operation for $922 million;r/TORONTOSTARauto;-6 a;[CA] - AltaGas sells 35% of B.C. hydroelectric operation for $922 million
Thoughts on the Utilities & Energy sector?;r/CanadianInvestor;-6 a;
AltaGas Ltd. vs. Cenovus Energy Inc.: Which Energy Stock Is a Better Buy?;u/sbchateauneuf;-6 a;AltaGas Ltd. vs. Cenovus Energy Inc.: Which Energy Stock Is a Better Buy?
A sincere thankyou from BC - a partial ist of pipeline companies owned by the BC public sector pension plan.;r/alberta;-6 a;
BC public sector pension plan owns a lot of pipeline stock.;r/britishcolumbia;-6 a;
Canadian utilities as Interest Rates struggle to go higher;r/CanadianInvestor;-6 a;
Altagas Down Big, -7.5% Off Strong Q4 Results;r/CanadianInvestor;-6 a;Altagas Down Big, -7.5% Off Strong Q4 Results
Investing in dividend stocks with student LOC while in school??;r/PersonalFinanceCanada;-6 a;
AltaGas TSE:ALA;r/CanadianInvestor;-7 a;
[Business] - AltaGas Q2 adjusted FFO per share C$0.72 | Times of India;r/AutoNewspaper;-7 a;[Business] - AltaGas Q2 adjusted FFO per share C$0.72 | Times of India
[Business] - AltaGas Q2 adjusted FFO per share C$0.72;r/TIMESINDIAauto;-7 a;[Business] - AltaGas Q2 adjusted FFO per share C$0.72
Starter Dividend Portfolio. Any advice or help please? Plan inside...;r/PersonalFinanceCanada;-7 a;
TFSA Dividend Portfolio Plan - Help please?;r/CanadianInvestor;-7 a;
Altagas (ALA.TO);r/CanadianInvestor;-7 a;Altagas (ALA.TO)
Gas industry gave BC Liberals a million dollars for re-election;r/britishcolumbia;-7 a;Gas industry gave BC Liberals a million dollars for re-election
Looking to add a new dividend growth stock to my portfolio;r/CanadianInvestor;-7 a;
"Tesla‚Äôs Battery Revolution Just Reached Critical Mass - ""Three massive battery storage plants‚Äîbuilt by Tesla, AES Corp., and Altagas Ltd... Combined, they amount to 15 percent of the battery storage installed planet-wide last year.""";r/realtech;-7 a;"Tesla‚Äôs Battery Revolution Just Reached Critical Mass - ""Three massive battery storage plants‚Äîbuilt by Tesla, AES Corp., and Altagas Ltd... Combined, they amount to 15 percent of the battery storage installed planet-wide last year."""
"Tesla‚Äôs Battery Revolution Just Reached Critical Mass - ""Three massive battery storage plants‚Äîbuilt by Tesla, AES Corp., and Altagas Ltd... Combined, they amount to 15 percent of the battery storage installed planet-wide last year.""";r/technology;-7 a;"Tesla‚Äôs Battery Revolution Just Reached Critical Mass - ""Three massive battery storage plants‚Äîbuilt by Tesla, AES Corp., and Altagas Ltd... Combined, they amount to 15 percent of the battery storage installed planet-wide last year."""
$4.6 Billion AltaGas Deal Has Wall Street Fearing Exelon Repeat;r/SecurityAnalysis;-7 a;$4.6 Billion AltaGas Deal Has Wall Street Fearing Exelon Repeat
AltaGas acquiring WGL Holdings in deal worth $8.4B;r/CanadianInvestor;-7 a;AltaGas acquiring WGL Holdings in deal worth $8.4B
[Business] - AltaGas Buying WGL for $6.4 Billion | philly.com;r/AutoNewspaper;-7 a;[Business] - AltaGas Buying WGL for $6.4 Billion | philly.com
[Business] - AltaGas Buying WGL for $6.4 Billion;r/PHILLYauto;-7 a;[Business] - AltaGas Buying WGL for $6.4 Billion
"AltaGas announces new Montney facilities valued at up to $180 million | Markets &amp; Investment | JWN Energy";r/alberta;-7 a;"AltaGas announces new Montney facilities valued at up to $180 million | Markets &amp; Investment | JWN Energy"
What is this interest payment?;r/investing;-7 a;
AltaGas planning to build B.C.'s first propane export terminal;r/canada;-7 a;AltaGas planning to build B.C.'s first propane export terminal
Sipekne‚Äôkatik band prepared for long protest at AltaGas site;r/Environmentalism;-8 a;Sipekne‚Äôkatik band prepared for long protest at AltaGas site
Sipekne‚Äôkatik band prepared for long protest at AltaGas site;r/radicalcanada;-8 a;Sipekne‚Äôkatik band prepared for long protest at AltaGas site
[Canada] Sipekne‚Äôkatik band prepared for long protest at AltaGas site;r/worldanarchism;-8 a;[Canada] Sipekne‚Äôkatik band prepared for long protest at AltaGas site
[Canada] Sipekne'katik band prepared for long protest at AltaGas site - Nova Scotia;r/worldanarchism;-8 a;[Canada] Sipekne'katik band prepared for long protest at AltaGas site - Nova Scotia
[Canada] RCMP 'neutral' as AltaGas and Mi'kmaq protesters spar over island;r/worldanarchism;-8 a;[Canada] RCMP 'neutral' as AltaGas and Mi'kmaq protesters spar over island
AltaGas wins 10-year SCE deal for 20MW battery system in California;r/batteries;-8 a;AltaGas wins 10-year SCE deal for 20MW battery system in California
Japan‚Äôs Idemitsu, AltaGas suspend Canadian LNG project;r/JapanBusinessNews;-8 a;Japan‚Äôs Idemitsu, AltaGas suspend Canadian LNG project
Yedlin: TransCanada, AltaGas moves signal demise of coal-fired electricity;r/Calgary;-8 a;Yedlin: TransCanada, AltaGas moves signal demise of coal-fired electricity
AltaGas halts plan to export LNG from British Columbia‚Äôs north coast;r/canada;-8 a;AltaGas halts plan to export LNG from British Columbia‚Äôs north coast
AltaGas calls halt to its LNG project in Kitimat;r/britishcolumbia;-8 a;AltaGas calls halt to its LNG project in Kitimat
AltaGas halts Douglas Channel project in latest blow to B.C.'s LNG ambitions;r/CanadianInvestor;-8 a;
AltaGas Ltd shelves Douglas Channel LNG plans amid global surplus;r/vancouver;-8 a;AltaGas Ltd shelves Douglas Channel LNG plans amid global surplus
Price Targets for Thursday January 21, 2016;r/PriceTargets;-8 a;
Alton Natural Gas Storage Facility Gets Green Light From Nova Scotia: AltaGas will store natural gas in three underground salt caverns in Alton, N.S.;r/NovaScotia;-8 a;Alton Natural Gas Storage Facility Gets Green Light From Nova Scotia: AltaGas will store natural gas in three underground salt caverns in Alton, N.S.
Price Targets for Monday January 18, 2016;r/PriceTargets;-8 a;
Price Targets for Tuesday November 3, 2015;r/PriceTargets;-9 a;
Price Targets for Friday October 30, 2015 (x-post from /r/PriceTargets);r/CanadianInvestor;-9 a;
Price Targets for Friday October 30, 2015;r/PriceTargets;-9 a;
Price Targets for Thursday October 29, 2015;r/PriceTargets;-9 a;
Price Targets for Friday October 23, 2015 (x-post from /r/PriceTargets);r/stocks;-9 a;
Price Targets for Friday October 23, 2015 (x-post from /r/PriceTargets);r/investing;-9 a;
Price Targets for Friday October 23, 2015;r/PriceTargets;-9 a;
Price Targets for Monday October 5, 2015;r/PriceTargets;-9 a;
Price Targets for Thursday October 1, 2015;r/PriceTargets;-9 a;
Price Targets for Friday September 11, 2015 (x-post from /r/PriceTargets);r/CanadianInvestor;-9 a;
Price Targets for Friday September 11, 2015 (x-post from /r/PriceTargets);r/StockMarket;-9 a;
Price Targets for Friday September 11, 2015;r/PriceTargets;-9 a;
AltaGas inches closer to final decision on LNG project in Kitimat;r/AlbertaOilfieldNews;-9 a;AltaGas inches closer to final decision on LNG project in Kitimat
December market tickers;r/CanadianInvestor;-9 a;
Bullish on Natural Gas?;r/CanadianInvestor;-10 a;
Yes I‚Äôm the dummy that spent $103 on the Flood Drop Pod bid AMA üò≠;r/megaconstrux;-7 j;Yes I‚Äôm the dummy that spent $103 on the Flood Drop Pod bid AMA üò≠
MEGA UPSWING : ALA STOCK ANALYSIS | ALTAGAS STOCK;u/Foreign-Economist704;-1 m.;MEGA UPSWING : ALA STOCK ANALYSIS | ALTAGAS STOCK
Odlum Brown advisor;r/PersonalFinanceCanada;-1 m.;
Meghan Chayka;r/TSNBabes;-2 m.;Meghan Chayka
New Shipping Concerns;r/Vitards;-3 m.;
SUPER TREND : $ALA STOCK ANALYSIS | ALTAGAS STOCK;u/Foreign-Economist704;-5 m.;SUPER TREND : $ALA STOCK ANALYSIS | ALTAGAS STOCK
whatcha think?;r/FridgeDetective;-5 m.;whatcha think?
BSB news For Week #44, August 28, 2023;r/Baystreetbets;-7 m.;
$ETRN Equitrans has amazing value right now;r/wallstreetbets;-9 m.;
üì¢ AltaGas is hiring a SEMCO - Sr. Tax Accountant!;r/jobboardsearch;-1 a;üì¢ AltaGas is hiring a SEMCO - Sr. Tax Accountant!
Recent dip on AltaGas Ltd. (ALA.TO);r/CanadianInvestor;-1 a;Recent dip on AltaGas Ltd. (ALA.TO)
Mercado de electr√≥nica Yamagata ‚ñΩ [BCGAME5.COM] ‚òÜ Centro comercial electr√≥nico de golf de YouTube Ubicaci√≥n Bochia;u/Loud-Ad-3756;-1 a;Mercado de electr√≥nica Yamagata ‚ñΩ [BCGAME5.COM] ‚òÜ Centro comercial electr√≥nico de golf de YouTube Ubicaci√≥n Bochia
RBC: Buy these 29 stocks to invest wisely in growth and pick up long-term winners as recession risks rise;r/buzzfeedbot;-2 a;
AltaGas (TSE:ALA) Given New C$33.00 Price Target at TD Securities;r/News_OilAndEnergy;-2 a;AltaGas (TSE:ALA) Given New C$33.00 Price Target at TD Securities
AltaGas Ltd. (TSE:ALA) Receives Average Rating of ‚ÄúBuy‚Äù from Brokerages;r/News_OilAndEnergy;-2 a;AltaGas Ltd. (TSE:ALA) Receives Average Rating of ‚ÄúBuy‚Äù from Brokerages
Mining Company Stocks at 52-Week Highs;r/StocksAndTrading;-2 a;
My Keybase proof [reddit:altaga- = keybase:altaga] (7HV5_NDBDFKeYxUQBFYMOxosaRUMNovgCG4P_9fAurU);r/KeybaseProofs;-2 a;My Keybase proof [reddit:altaga- = keybase:altaga] (7HV5_NDBDFKeYxUQBFYMOxosaRUMNovgCG4P_9fAurU)
AltaGas Announces Strong Third Quarter Results;r/CanadianInvestor;-2 a;AltaGas Announces Strong Third Quarter Results
BRIEF-Altagas Announces Strong First Quarter Results And Increases 2021 Guidance;r/News_OilAndEnergy;-3 a;BRIEF-Altagas Announces Strong First Quarter Results And Increases 2021 Guidance
2 Rising Canadian Price Targets: AltaGas & Aecon;r/stockchase;-3 a;2 Rising Canadian Price Targets: AltaGas & Aecon
AltaGas Ltd. Closes Aggregate $550 Million Medium Term Note Offerings;r/TradingGrounds;-3 a;AltaGas Ltd. Closes Aggregate $550 Million Medium Term Note Offerings
AltaGas Ltd. Announces Aggregate $550 Million Medium Term Note Offering;r/TradingGrounds;-3 a;AltaGas Ltd. Announces Aggregate $550 Million Medium Term Note Offering
Stocks for my wife to buy;r/CanadianInvestor;-3 a;
AltaGas Ltd. Closes Aggregate $700 Million Medium Term Note Offerings;r/TradingGrounds;-3 a;AltaGas Ltd. Closes Aggregate $700 Million Medium Term Note Offerings
AltaGas Ltd. Announces Aggregate $700 Million Medium Term Note Offerings;r/TradingGrounds;-3 a;AltaGas Ltd. Announces Aggregate $700 Million Medium Term Note Offerings
AltaGas agrees to pay $715 million to double stake in midstream firm Petrogas;r/economy;-3 a;AltaGas agrees to pay $715 million to double stake in midstream firm Petrogas
Sprott Portfolio review;r/pmstocks;-4 a;
Opinions on Ys: Seven? Worth Playing?;r/JRPG;-4 a;Opinions on Ys: Seven? Worth Playing?
ALA.TO Dividend cut?;r/CanadianInvestor;-4 a;
AltaGas Ltd. (ATGFF) CEO Randy Crawford on Q1 2020 Results - Earnings Call Transcript;r/StonkFeed;-4 a;AltaGas Ltd. (ATGFF) CEO Randy Crawford on Q1 2020 Results - Earnings Call Transcript
AltaGas Ltd. 2020 Q1 - Results - Earnings Call Presentation;r/StonkFeed;-4 a;AltaGas Ltd. 2020 Q1 - Results - Earnings Call Presentation
Here's a play that many of you have likely never heard of;r/wallstreetbets;-4 a;
TSX:ALA - 40% potential for 2020?;r/CanadianInvestor;-4 a;
TSX:ALA - 40% potential for 2020 ?;r/stocks;-4 a;
Altagas right now? (ALA.TO);r/CanadianInvestor;-4 a;Altagas right now? (ALA.TO)
AltaGas Canada Inc. [HQ in Calgary] to Be Acquired by PSP Investments and ATRF in a $1.7 Billion Transaction;r/Calgary;-4 a;AltaGas Canada Inc. [HQ in Calgary] to Be Acquired by PSP Investments and ATRF in a $1.7 Billion Transaction
Calgary-based AltaGas (TSX:ALA) selling U.S. solar, fuel cell power plants for $940M;r/solarstocks;-5 a;Calgary-based AltaGas (TSX:ALA) selling U.S. solar, fuel cell power plants for $940M
Let's create the most toxic portfolio (and see if it can beat the TSX index);r/CanadianInvestor;-5 a;
Building my First Canadian Portfolio. Welcoming criticisms :) Thank you;r/PersonalFinanceCanada;-5 a;
@CBCNews: AltaGas Ltd. says the B.C. facility will put Canada on the map as a significant new player in the energy market. https://t.co/DvfcUTkUbs;r/newsbotbot;-5 a;@CBCNews: AltaGas Ltd. says the B.C. facility will put Canada on the map as a significant new player in the energy market. https://t.co/DvfcUTkUbs
AltaGas to open B.C. terminal for exporting propane to Asia;r/britishcolumbia;-5 a;AltaGas to open B.C. terminal for exporting propane to Asia
AltaGas to open B.C. terminal for exporting propane to Asia;r/CanadaPolitics;-5 a;AltaGas to open B.C. terminal for exporting propane to Asia
AltaGas to open BC terminal for exporting propane to Asia;r/EcoInternet;-5 a;AltaGas to open BC terminal for exporting propane to Asia
Altagas Ltd (ALA.TO) Hover Above Parabolic SAR;r/HoverTechnology;-5 a;Altagas Ltd (ALA.TO) Hover Above Parabolic SAR
Any thoughts on Altagas Q1 results?;r/investing;-5 a;Any thoughts on Altagas Q1 results?
Thoughts on Altagas Q1 results?;r/CanadianInvestor;-5 a;Thoughts on Altagas Q1 results?
Alberta Utility Market;r/alberta;-5 a;
Altagas cuts dividend 56%;r/CanadianInvestor;-5 a;
buying prefs on margin?;r/CanadianInvestor;-5 a;
Altagas (ALA);r/CanadianInvestor;-5 a;
Seeking Portfolio advice for DIY investor;r/PersonalFinanceCanada;-5 a;
@MarketCurrents: AltaGas to acquire 50% stake in natural gas processing plants of Black Swan https://t.co/3CX1FLXZeM $ATGFF;r/newsbotMARKET;-6 a;@MarketCurrents: AltaGas to acquire 50% stake in natural gas processing plants of Black Swan https://t.co/3CX1FLXZeM $ATGFF
"@MarketCurrents: AltaGas to spin off some assets into IPO; analyst doubts valuation https://t.co/DChzdmHLMD $ATGFF";r/newsbotMARKET;-6 a;"@MarketCurrents: AltaGas to spin off some assets into IPO; analyst doubts valuation https://t.co/DChzdmHLMD $ATGFF"
AltaGas to spin off some assets into new company, plans IPO;r/CanadianInvestor;-6 a;AltaGas to spin off some assets into new company, plans IPO
Altagas to sell non-core midstream and power assets for $560m;r/EcoInternet;-6 a;Altagas to sell non-core midstream and power assets for $560m
@CBCNews: AltaGas says it is selling about $560 million worth of Canadian and U.S. assets. https://t.co/j0xnA2YfZv;r/newsbotbot;-6 a;@CBCNews: AltaGas says it is selling about $560 million worth of Canadian and U.S. assets. https://t.co/j0xnA2YfZv
On Nova Scotia‚Äôs historic Shubenacadie River, a slow-motion showdown - An unusual natural phenomenon that draws tourists from around the world occurs here. AltaGas has big plans to use this unique place for its own purposes & this has some people very upset & worried;r/EcoInternet;-6 a;On Nova Scotia‚Äôs historic Shubenacadie River, a slow-motion showdown - An unusual natural phenomenon that draws tourists from around the world occurs here. AltaGas has big plans to use this unique place for its own purposes & this has some people very upset & worried
@MarketCurrents: AltaGas declares CAD 0.1825 dividend https://t.co/iNuTMDdaOI $ATGFF;r/newsbotMARKET;-6 a;@MarketCurrents: AltaGas declares CAD 0.1825 dividend https://t.co/iNuTMDdaOI $ATGFF
@MarketCurrents: AltaGas EPS in-line, beats on revenue https://t.co/twy8qtaNxG #premarket $ATGFF;r/newsbotMARKET;-6 a;@MarketCurrents: AltaGas EPS in-line, beats on revenue https://t.co/twy8qtaNxG #premarket $ATGFF
@FortuneMagazine: AltaGas CEO David Harris resigns after complaint https://t.co/KPv247MurQ;r/newsbotMARKET;-6 a;@FortuneMagazine: AltaGas CEO David Harris resigns after complaint https://t.co/KPv247MurQ
@FortuneMagazine: AltaGas CEO David Harris resigns after complaint https://t.co/122gArZBis;r/newsbotMARKET;-6 a;@FortuneMagazine: AltaGas CEO David Harris resigns after complaint https://t.co/122gArZBis
@business: AltaGas CEO David Harris resigns after unspecified complaint https://t.co/NCcvEh3oQS https://t.co/wJqvu6zN0M;r/newsbotMARKET;-6 a;@business: AltaGas CEO David Harris resigns after unspecified complaint https://t.co/NCcvEh3oQS https://t.co/wJqvu6zN0M
@MarketCurrents: AltaGas CEO Harris resigns following complaint filed with board https://t.co/5DJk0864vv $ATGFF;r/newsbotMARKET;-6 a;@MarketCurrents: AltaGas CEO Harris resigns following complaint filed with board https://t.co/5DJk0864vv $ATGFF
Interest in Altagas?;r/CanadianInvestor;-6 a;Interest in Altagas?
AltaGas to sell stake in three Canadian hydro electric facilities for $707m;r/EcoInternet;-6 a;AltaGas to sell stake in three Canadian hydro electric facilities for $707m
AltaGas sells 35-per-cent stake in B.C. hydro projects for $922-million;r/britishcolumbia;-6 a;AltaGas sells 35-per-cent stake in B.C. hydro projects for $922-million
[CA] - AltaGas sells 35% of B.C. hydroelectric operation for $922 million | Toronto Star;r/AutoNewspaper;-6 a;[CA] - AltaGas sells 35% of B.C. hydroelectric operation for $922 million | Toronto Star
[CA] - AltaGas sells 35% of B.C. hydroelectric operation for $922 million;r/TORONTOSTARauto;-6 a;[CA] - AltaGas sells 35% of B.C. hydroelectric operation for $922 million
Thoughts on the Utilities & Energy sector?;r/CanadianInvestor;-6 a;
AltaGas Ltd. vs. Cenovus Energy Inc.: Which Energy Stock Is a Better Buy?;u/sbchateauneuf;-6 a;AltaGas Ltd. vs. Cenovus Energy Inc.: Which Energy Stock Is a Better Buy?
A sincere thankyou from BC - a partial ist of pipeline companies owned by the BC public sector pension plan.;r/alberta;-6 a;
BC public sector pension plan owns a lot of pipeline stock.;r/britishcolumbia;-6 a;
Canadian utilities as Interest Rates struggle to go higher;r/CanadianInvestor;-6 a;
Altagas Down Big, -7.5% Off Strong Q4 Results;r/CanadianInvestor;-6 a;Altagas Down Big, -7.5% Off Strong Q4 Results
Investing in dividend stocks with student LOC while in school??;r/PersonalFinanceCanada;-6 a;
AltaGas TSE:ALA;r/CanadianInvestor;-7 a;
[Business] - AltaGas Q2 adjusted FFO per share C$0.72 | Times of India;r/AutoNewspaper;-7 a;[Business] - AltaGas Q2 adjusted FFO per share C$0.72 | Times of India
[Business] - AltaGas Q2 adjusted FFO per share C$0.72;r/TIMESINDIAauto;-7 a;[Business] - AltaGas Q2 adjusted FFO per share C$0.72
Starter Dividend Portfolio. Any advice or help please? Plan inside...;r/PersonalFinanceCanada;-7 a;
TFSA Dividend Portfolio Plan - Help please?;r/CanadianInvestor;-7 a;
Altagas (ALA.TO);r/CanadianInvestor;-7 a;Altagas (ALA.TO)
Gas industry gave BC Liberals a million dollars for re-election;r/britishcolumbia;-7 a;Gas industry gave BC Liberals a million dollars for re-election
Looking to add a new dividend growth stock to my portfolio;r/CanadianInvestor;-7 a;
"Tesla‚Äôs Battery Revolution Just Reached Critical Mass - ""Three massive battery storage plants‚Äîbuilt by Tesla, AES Corp., and Altagas Ltd... Combined, they amount to 15 percent of the battery storage installed planet-wide last year.""";r/realtech;-7 a;"Tesla‚Äôs Battery Revolution Just Reached Critical Mass - ""Three massive battery storage plants‚Äîbuilt by Tesla, AES Corp., and Altagas Ltd... Combined, they amount to 15 percent of the battery storage installed planet-wide last year."""
"Tesla‚Äôs Battery Revolution Just Reached Critical Mass - ""Three massive battery storage plants‚Äîbuilt by Tesla, AES Corp., and Altagas Ltd... Combined, they amount to 15 percent of the battery storage installed planet-wide last year.""";r/technology;-7 a;"Tesla‚Äôs Battery Revolution Just Reached Critical Mass - ""Three massive battery storage plants‚Äîbuilt by Tesla, AES Corp., and Altagas Ltd... Combined, they amount to 15 percent of the battery storage installed planet-wide last year."""
$4.6 Billion AltaGas Deal Has Wall Street Fearing Exelon Repeat;r/SecurityAnalysis;-7 a;$4.6 Billion AltaGas Deal Has Wall Street Fearing Exelon Repeat
AltaGas acquiring WGL Holdings in deal worth $8.4B;r/CanadianInvestor;-7 a;AltaGas acquiring WGL Holdings in deal worth $8.4B
[Business] - AltaGas Buying WGL for $6.4 Billion | philly.com;r/AutoNewspaper;-7 a;[Business] - AltaGas Buying WGL for $6.4 Billion | philly.com
[Business] - AltaGas Buying WGL for $6.4 Billion;r/PHILLYauto;-7 a;[Business] - AltaGas Buying WGL for $6.4 Billion
"AltaGas announces new Montney facilities valued at up to $180 million | Markets &amp; Investment | JWN Energy";r/alberta;-7 a;"AltaGas announces new Montney facilities valued at up to $180 million | Markets &amp; Investment | JWN Energy"
What is this interest payment?;r/investing;-7 a;
AltaGas planning to build B.C.'s first propane export terminal;r/canada;-7 a;AltaGas planning to build B.C.'s first propane export terminal
Sipekne‚Äôkatik band prepared for long protest at AltaGas site;r/Environmentalism;-8 a;Sipekne‚Äôkatik band prepared for long protest at AltaGas site
Sipekne‚Äôkatik band prepared for long protest at AltaGas site;r/radicalcanada;-8 a;Sipekne‚Äôkatik band prepared for long protest at AltaGas site
[Canada] Sipekne‚Äôkatik band prepared for long protest at AltaGas site;r/worldanarchism;-8 a;[Canada] Sipekne‚Äôkatik band prepared for long protest at AltaGas site
[Canada] Sipekne'katik band prepared for long protest at AltaGas site - Nova Scotia;r/worldanarchism;-8 a;[Canada] Sipekne'katik band prepared for long protest at AltaGas site - Nova Scotia
[Canada] RCMP 'neutral' as AltaGas and Mi'kmaq protesters spar over island;r/worldanarchism;-8 a;[Canada] RCMP 'neutral' as AltaGas and Mi'kmaq protesters spar over island
AltaGas wins 10-year SCE deal for 20MW battery system in California;r/batteries;-8 a;AltaGas wins 10-year SCE deal for 20MW battery system in California
Japan‚Äôs Idemitsu, AltaGas suspend Canadian LNG project;r/JapanBusinessNews;-8 a;Japan‚Äôs Idemitsu, AltaGas suspend Canadian LNG project
Yedlin: TransCanada, AltaGas moves signal demise of coal-fired electricity;r/Calgary;-8 a;Yedlin: TransCanada, AltaGas moves signal demise of coal-fired electricity
AltaGas halts plan to export LNG from British Columbia‚Äôs north coast;r/canada;-8 a;AltaGas halts plan to export LNG from British Columbia‚Äôs north coast
AltaGas calls halt to its LNG project in Kitimat;r/britishcolumbia;-8 a;AltaGas calls halt to its LNG project in Kitimat
AltaGas halts Douglas Channel project in latest blow to B.C.'s LNG ambitions;r/CanadianInvestor;-8 a;
AltaGas Ltd shelves Douglas Channel LNG plans amid global surplus;r/vancouver;-8 a;AltaGas Ltd shelves Douglas Channel LNG plans amid global surplus
Price Targets for Thursday January 21, 2016;r/PriceTargets;-8 a;
Alton Natural Gas Storage Facility Gets Green Light From Nova Scotia: AltaGas will store natural gas in three underground salt caverns in Alton, N.S.;r/NovaScotia;-8 a;Alton Natural Gas Storage Facility Gets Green Light From Nova Scotia: AltaGas will store natural gas in three underground salt caverns in Alton, N.S.
Price Targets for Monday January 18, 2016;r/PriceTargets;-8 a;
Price Targets for Tuesday November 3, 2015;r/PriceTargets;-9 a;
Price Targets for Friday October 30, 2015 (x-post from /r/PriceTargets);r/CanadianInvestor;-9 a;
Price Targets for Friday October 30, 2015;r/PriceTargets;-9 a;
Price Targets for Thursday October 29, 2015;r/PriceTargets;-9 a;
Price Targets for Friday October 23, 2015 (x-post from /r/PriceTargets);r/stocks;-9 a;
Price Targets for Friday October 23, 2015 (x-post from /r/PriceTargets);r/investing;-9 a;
Price Targets for Friday October 23, 2015;r/PriceTargets;-9 a;
Price Targets for Monday October 5, 2015;r/PriceTargets;-9 a;
Price Targets for Thursday October 1, 2015;r/PriceTargets;-9 a;
Price Targets for Friday September 11, 2015 (x-post from /r/PriceTargets);r/CanadianInvestor;-9 a;
Price Targets for Friday September 11, 2015 (x-post from /r/PriceTargets);r/StockMarket;-9 a;
Price Targets for Friday September 11, 2015;r/PriceTargets;-9 a;
AltaGas inches closer to final decision on LNG project in Kitimat;r/AlbertaOilfieldNews;-9 a;AltaGas inches closer to final decision on LNG project in Kitimat
December market tickers;r/CanadianInvestor;-9 a;
Bullish on Natural Gas?;r/CanadianInvestor;-10 a;
